,fileNameAsDelivered,scientificName,MCQ_Prompt
0,American_Crow_0053_25203.jpg,Corvus brachyrhynchos,"What is scientific name of Bird in the image?

Options: A)Leiothlypis ruficapilla, B)Corvus brachyrhynchos, C)Icterus galbula, D)Geothlypis formosa.

Write the answer after writing ""The answer is:"""
1,American_Crow_0101_25118.jpg,Corvus brachyrhynchos,"What is scientific name of Bird in the image?

Options: A)Corvus brachyrhynchos, B)Geothlypis philadelphia, C)Passerina caerulea, D)Larus argentatus.

Write the answer after writing ""The answer is:"""
2,Fish_Crow_0058_25999.jpg,Corvus ossifragus,"What is scientific name of Bird in the image?

Options: A)Corvus ossifragus, B)Zonotrichia albicollis, C)Passerina caerulea, D)Setophaga cerulea.

Write the answer after writing ""The answer is:"""
3,Fish_Crow_0024_26064.jpg,Corvus ossifragus,"What is scientific name of Bird in the image?

Options: A)Leiothlypis celata, B)Icterus galbula, C)Corvus ossifragus, D)Vireo atricapilla.

Write the answer after writing ""The answer is:"""
4,Fish_Crow_0023_26037.jpg,Corvus ossifragus,"What is scientific name of Bird in the image?

Options: A)Setophaga magnolia, B)Vireo atricapilla, C)Corvus ossifragus, D)Icterus cucullatus.

Write the answer after writing ""The answer is:"""
5,Common_Raven_0095_101831.jpg,Corvus corax,"What is scientific name of Bird in the image?

Options: A)Setophaga tigrina, B)Corvus corax, C)Larus californicus, D)Geothlypis trichas.

Write the answer after writing ""The answer is:"""
6,White_Necked_Raven_0006_797347.jpg,Corvus albicollis,"What is scientific name of Bird in the image?

Options: A)Vireo olivaceus, B)Leiothlypis peregrina, C)Passerina cyanea, D)Corvus albicollis.

Write the answer after writing ""The answer is:"""
7,Fish_Crow_0083_25949.jpg,Corvus ossifragus,"What is scientific name of Bird in the image?

Options: A)Passerina cyanea, B)Icterus galbula, C)Larus occidentalis, D)Corvus ossifragus.

Write the answer after writing ""The answer is:"""
8,American_Crow_0111_25127.jpg,Corvus brachyrhynchos,"What is scientific name of Bird in the image?

Options: A)Icterus cucullatus, B)Passerina amoena, C)Spizella breweri, D)Corvus brachyrhynchos.

Write the answer after writing ""The answer is:"""
9,Common_Raven_0091_101524.jpg,Corvus corax,"What is scientific name of Bird in the image?

Options: A)Vireo philadelphicus, B)Leiothlypis celata, C)Corvus corax, D)Spizella breweri.

Write the answer after writing ""The answer is:"""
10,American_Crow_0031_25433.jpg,Corvus brachyrhynchos,"What is scientific name of Bird in the image?

Options: A)Corvus brachyrhynchos, B)Zonotrichia albicollis, C)Icterus parisorum, D)Spizella pallida.

Write the answer after writing ""The answer is:"""
11,White_Necked_Raven_0065_797354.jpg,Corvus albicollis,"What is scientific name of Bird in the image?

Options: A)Zonotrichia querula, B)Spizella passerina, C)Corvus albicollis, D)Larus heermanni.

Write the answer after writing ""The answer is:"""
12,Fish_Crow_0055_26077.jpg,Corvus ossifragus,"What is scientific name of Bird in the image?

Options: A)Vireo gilvus, B)Leiothlypis peregrina, C)Corvus ossifragus, D)Passerina amoena.

Write the answer after writing ""The answer is:"""
13,Common_Raven_0054_101750.jpg,Corvus corax,"What is scientific name of Bird in the image?

Options: A)Passerina caerulea, B)Geothlypis philadelphia, C)Corvus corax, D)Setophaga tigrina.

Write the answer after writing ""The answer is:"""
14,Fish_Crow_0002_26072.jpg,Corvus ossifragus,"What is scientific name of Bird in the image?

Options: A)Spizella pusilla, B)Zonotrichia leucophrys, C)Passerina amoena, D)Corvus ossifragus.

Write the answer after writing ""The answer is:"""
15,White_Necked_Raven_0016_797385.jpg,Corvus albicollis,"What is scientific name of Bird in the image?

Options: A)Vireo gilvus, B)Larus occidentalis, C)Setophaga castanea, D)Corvus albicollis.

Write the answer after writing ""The answer is:"""
16,White_Necked_Raven_0034_102598.jpg,Corvus albicollis,"What is scientific name of Bird in the image?

Options: A)Leiothlypis celata, B)Corvus albicollis, C)Zonotrichia querula, D)Setophaga pinus.

Write the answer after writing ""The answer is:"""
17,American_Crow_0043_25666.jpg,Corvus brachyrhynchos,"What is scientific name of Bird in the image?

Options: A)Passerina amoena, B)Corvus brachyrhynchos, C)Icterus cucullatus, D)Zonotrichia leucophrys.

Write the answer after writing ""The answer is:"""
18,White_Necked_Raven_0056_797373.jpg,Corvus albicollis,"What is scientific name of Bird in the image?

Options: A)Setophaga caerulescens, B)Passerina cyanea, C)Zonotrichia albicollis, D)Corvus albicollis.

Write the answer after writing ""The answer is:"""
19,Common_Raven_0024_101394.jpg,Corvus corax,"What is scientific name of Bird in the image?

Options: A)Corvus corax, B)Spizella passerina, C)Setophaga magnolia, D)Passerina ciris.

Write the answer after writing ""The answer is:"""
20,Mourning_Warbler_0062_166531.jpg,Geothlypis philadelphia,"What is scientific name of Bird in the image?

Options: A)Larus argentatus, B)Icterus spurius, C)Geothlypis philadelphia, D)Zonotrichia leucophrys.

Write the answer after writing ""The answer is:"""
21,Kentucky_Warbler_0013_165228.jpg,Geothlypis formosa,"What is scientific name of Bird in the image?

Options: A)Leiothlypis celata, B)Icterus galbula, C)Corvus ossifragus, D)Geothlypis formosa.

Write the answer after writing ""The answer is:"""
22,Mourning_Warbler_0064_166447.jpg,Geothlypis philadelphia,"What is scientific name of Bird in the image?

Options: A)Passerina cyanea, B)Setophaga pinus, C)Geothlypis philadelphia, D)Zonotrichia leucophrys.

Write the answer after writing ""The answer is:"""
23,Mourning_Warbler_0011_795380.jpg,Geothlypis philadelphia,"What is scientific name of Bird in the image?

Options: A)Icterus parisorum, B)Passerina caerulea, C)Setophaga ruticilla, D)Geothlypis philadelphia.

Write the answer after writing ""The answer is:"""
24,Mourning_Warbler_0073_166524.jpg,Geothlypis philadelphia,"What is scientific name of Bird in the image?

Options: A)Geothlypis philadelphia, B)Corvus brachyrhynchos, C)Vireo atricapilla, D)Larus schistisagus.

Write the answer after writing ""The answer is:"""
25,Kentucky_Warbler_0023_165247.jpg,Geothlypis formosa,"What is scientific name of Bird in the image?

Options: A)Spizella pallida, B)Vireo atricapilla, C)Geothlypis formosa, D)Larus schistisagus.

Write the answer after writing ""The answer is:"""
26,Common_Yellowthroat_0104_190489.jpg,Geothlypis trichas,"What is scientific name of Bird in the image?

Options: A)Corvus corax, B)Passerina caerulea, C)Vireo flavifrons, D)Geothlypis trichas.

Write the answer after writing ""The answer is:"""
27,Kentucky_Warbler_0048_165360.jpg,Geothlypis formosa,"What is scientific name of Bird in the image?

Options: A)Spizella pusilla, B)Corvus corax, C)Zonotrichia querula, D)Geothlypis formosa.

Write the answer after writing ""The answer is:"""
28,Mourning_Warbler_0008_166467.jpg,Geothlypis philadelphia,"What is scientific name of Bird in the image?

Options: A)Spizella passerina, B)Zonotrichia albicollis, C)Vireo griseus, D)Geothlypis philadelphia.

Write the answer after writing ""The answer is:"""
29,Common_Yellowthroat_0004_190606.jpg,Geothlypis trichas,"What is scientific name of Bird in the image?

Options: A)Geothlypis trichas, B)Leiothlypis celata, C)Larus glaucescens, D)Icterus spurius.

Write the answer after writing ""The answer is:"""
30,Kentucky_Warbler_0080_165351.jpg,Geothlypis formosa,"What is scientific name of Bird in the image?

Options: A)Spizella pallida, B)Leiothlypis ruficapilla, C)Geothlypis formosa, D)Larus argentatus.

Write the answer after writing ""The answer is:"""
31,Kentucky_Warbler_0012_795875.jpg,Geothlypis formosa,"What is scientific name of Bird in the image?

Options: A)Leiothlypis celata, B)Passerina cyanea, C)Geothlypis formosa, D)Zonotrichia querula.

Write the answer after writing ""The answer is:"""
32,Mourning_Warbler_0083_795376.jpg,Geothlypis philadelphia,"What is scientific name of Bird in the image?

Options: A)Leiothlypis celata, B)Vireo solitarius, C)Geothlypis philadelphia, D)Icterus cucullatus.

Write the answer after writing ""The answer is:"""
33,Mourning_Warbler_0039_166546.jpg,Geothlypis philadelphia,"What is scientific name of Bird in the image?

Options: A)Larus delawarensis, B)Vireo solitarius, C)Zonotrichia albicollis, D)Geothlypis philadelphia.

Write the answer after writing ""The answer is:"""
34,Mourning_Warbler_0049_166469.jpg,Geothlypis philadelphia,"What is scientific name of Bird in the image?

Options: A)Geothlypis philadelphia, B)Leiothlypis peregrina, C)Spizella pusilla, D)Corvus albicollis.

Write the answer after writing ""The answer is:"""
35,Kentucky_Warbler_0002_795886.jpg,Geothlypis formosa,"What is scientific name of Bird in the image?

Options: A)Vireo solitarius, B)Icterus galbula, C)Geothlypis formosa, D)Spizella pusilla.

Write the answer after writing ""The answer is:"""
36,Mourning_Warbler_0072_795379.jpg,Geothlypis philadelphia,"What is scientific name of Bird in the image?

Options: A)Icterus cucullatus, B)Corvus ossifragus, C)Geothlypis philadelphia, D)Setophaga magnolia.

Write the answer after writing ""The answer is:"""
37,Common_Yellowthroat_0029_190403.jpg,Geothlypis trichas,"What is scientific name of Bird in the image?

Options: A)Corvus brachyrhynchos, B)Zonotrichia albicollis, C)Larus heermanni, D)Geothlypis trichas.

Write the answer after writing ""The answer is:"""
38,Mourning_Warbler_0056_166476.jpg,Geothlypis philadelphia,"What is scientific name of Bird in the image?

Options: A)Passerina amoena, B)Vireo gilvus, C)Corvus brachyrhynchos, D)Geothlypis philadelphia.

Write the answer after writing ""The answer is:"""
39,Mourning_Warbler_0054_795387.jpg,Geothlypis philadelphia,"What is scientific name of Bird in the image?

Options: A)Icterus parisorum, B)Geothlypis philadelphia, C)Vireo solitarius, D)Leiothlypis peregrina.

Write the answer after writing ""The answer is:"""
40,Baltimore_Oriole_0042_87216.jpg,Icterus galbula,"What is scientific name of Bird in the image?

Options: A)Icterus galbula, B)Geothlypis philadelphia, C)Spizella pallida, D)Zonotrichia albicollis.

Write the answer after writing ""The answer is:"""
41,Baltimore_Oriole_0038_87083.jpg,Icterus galbula,"What is scientific name of Bird in the image?

Options: A)Geothlypis philadelphia, B)Passerina caerulea, C)Leiothlypis peregrina, D)Icterus galbula.

Write the answer after writing ""The answer is:"""
42,Hooded_Oriole_0067_90416.jpg,Icterus cucullatus,"What is scientific name of Bird in the image?

Options: A)Icterus cucullatus, B)Zonotrichia albicollis, C)Geothlypis philadelphia, D)Setophaga castanea.

Write the answer after writing ""The answer is:"""
43,Hooded_Oriole_0004_91057.jpg,Icterus cucullatus,"What is scientific name of Bird in the image?

Options: A)Spizella pallida, B)Passerina cyanea, C)Icterus cucullatus, D)Larus heermanni.

Write the answer after writing ""The answer is:"""
44,Hooded_Oriole_0107_89985.jpg,Icterus cucullatus,"What is scientific name of Bird in the image?

Options: A)Icterus cucullatus, B)Passerina cyanea, C)Zonotrichia albicollis, D)Corvus brachyrhynchos.

Write the answer after writing ""The answer is:"""
45,Orchard_Oriole_0044_91360.jpg,Icterus spurius,"What is scientific name of Bird in the image?

Options: A)Icterus spurius, B)Geothlypis philadelphia, C)Passerina amoena, D)Vireo gilvus.

Write the answer after writing ""The answer is:"""
46,Scott_Oriole_0063_795812.jpg,Icterus parisorum,"What is scientific name of Bird in the image?

Options: A)Leiothlypis celata, B)Zonotrichia albicollis, C)Icterus parisorum, D)Passerina caerulea.

Write the answer after writing ""The answer is:"""
47,Hooded_Oriole_0125_90382.jpg,Icterus cucullatus,"What is scientific name of Bird in the image?

Options: A)Zonotrichia querula, B)Leiothlypis ruficapilla, C)Icterus cucullatus, D)Corvus brachyrhynchos.

Write the answer after writing ""The answer is:"""
48,Baltimore_Oriole_0126_89651.jpg,Icterus galbula,"What is scientific name of Bird in the image?

Options: A)Zonotrichia albicollis, B)Spizella pusilla, C)Icterus galbula, D)Leiothlypis peregrina.

Write the answer after writing ""The answer is:"""
49,Orchard_Oriole_0035_92003.jpg,Icterus spurius,"What is scientific name of Bird in the image?

Options: A)Icterus spurius, B)Geothlypis philadelphia, C)Leiothlypis ruficapilla, D)Zonotrichia leucophrys.

Write the answer after writing ""The answer is:"""
50,Baltimore_Oriole_0109_87398.jpg,Icterus galbula,"What is scientific name of Bird in the image?

Options: A)Geothlypis trichas, B)Corvus brachyrhynchos, C)Icterus galbula, D)Passerina amoena.

Write the answer after writing ""The answer is:"""
51,Scott_Oriole_0038_795818.jpg,Icterus parisorum,"What is scientific name of Bird in the image?

Options: A)Vireo atricapilla, B)Spizella pallida, C)Icterus parisorum, D)Leiothlypis celata.

Write the answer after writing ""The answer is:"""
52,Hooded_Oriole_0038_90575.jpg,Icterus cucullatus,"What is scientific name of Bird in the image?

Options: A)Spizella pallida, B)Icterus cucullatus, C)Vireo gilvus, D)Leiothlypis peregrina.

Write the answer after writing ""The answer is:"""
53,Orchard_Oriole_0075_91847.jpg,Icterus spurius,"What is scientific name of Bird in the image?

Options: A)Geothlypis philadelphia, B)Icterus spurius, C)Zonotrichia albicollis, D)Spizella pallida.

Write the answer after writing ""The answer is:"""
54,Hooded_Oriole_0074_91081.jpg,Icterus cucullatus,"What is scientific name of Bird in the image?

Options: A)Vireo solitarius, B)Icterus cucullatus, C)Zonotrichia querula, D)Geothlypis trichas.

Write the answer after writing ""The answer is:"""
55,Scott_Oriole_0010_795852.jpg,Icterus parisorum,"What is scientific name of Bird in the image?

Options: A)Icterus parisorum, B)Zonotrichia albicollis, C)Larus glaucescens, D)Passerina ciris.

Write the answer after writing ""The answer is:"""
56,Scott_Oriole_0045_92237.jpg,Icterus parisorum,"What is scientific name of Bird in the image?

Options: A)Zonotrichia querula, B)Icterus parisorum, C)Leiothlypis celata, D)Larus occidentalis.

Write the answer after writing ""The answer is:"""
57,Baltimore_Oriole_0083_89712.jpg,Icterus galbula,"What is scientific name of Bird in the image?

Options: A)Vireo philadelphicus, B)Icterus galbula, C)Setophaga tigrina, D)Geothlypis trichas.

Write the answer after writing ""The answer is:"""
58,Scott_Oriole_0012_795837.jpg,Icterus parisorum,"What is scientific name of Bird in the image?

Options: A)Geothlypis philadelphia, B)Icterus parisorum, C)Spizella pallida, D)Zonotrichia leucophrys.

Write the answer after writing ""The answer is:"""
59,Orchard_Oriole_0084_91658.jpg,Icterus spurius,"What is scientific name of Bird in the image?

Options: A)Setophaga pinus, B)Geothlypis philadelphia, C)Icterus spurius, D)Larus californicus.

Write the answer after writing ""The answer is:"""
60,Heermann_Gull_0100_45440.jpg,Larus heermanni,"What is scientific name of Bird in the image?

Options: A)Geothlypis philadelphia, B)Zonotrichia albicollis, C)Larus heermanni, D)Vireo gilvus.

Write the answer after writing ""The answer is:"""
61,Heermann_Gull_0071_45735.jpg,Larus heermanni,"What is scientific name of Bird in the image?

Options: A)Passerina ciris, B)Larus heermanni, C)Vireo flavifrons, D)Geothlypis trichas.

Write the answer after writing ""The answer is:"""
62,Heermann_Gull_0059_45642.jpg,Larus heermanni,"What is scientific name of Bird in the image?

Options: A)Larus heermanni, B)Setophaga tigrina, C)Vireo olivaceus, D)Corvus albicollis.

Write the answer after writing ""The answer is:"""
63,Glaucous_Winged_Gull_0126_44761.jpg,Larus glaucescens,"What is scientific name of Bird in the image?

Options: A)Larus glaucescens, B)Leiothlypis celata, C)Spizella breweri, D)Setophaga pensylvanica.

Write the answer after writing ""The answer is:"""
64,Glaucous_Winged_Gull_0034_44625.jpg,Larus glaucescens,"What is scientific name of Bird in the image?

Options: A)Icterus galbula, B)Geothlypis philadelphia, C)Zonotrichia querula, D)Larus glaucescens.

Write the answer after writing ""The answer is:"""
65,California_Gull_0114_41267.jpg,Larus californicus,"What is scientific name of Bird in the image?

Options: A)Larus californicus, B)Leiothlypis peregrina, C)Icterus cucullatus, D)Corvus brachyrhynchos.

Write the answer after writing ""The answer is:"""
66,Western_Gull_0062_53538.jpg,Larus occidentalis,"What is scientific name of Bird in the image?

Options: A)Geothlypis formosa, B)Zonotrichia albicollis, C)Larus occidentalis, D)Icterus parisorum.

Write the answer after writing ""The answer is:"""
67,Herring_Gull_0140_46455.jpg,Larus argentatus,"What is scientific name of Bird in the image?

Options: A)Spizella pusilla, B)Passerina ciris, C)Larus argentatus, D)Geothlypis formosa.

Write the answer after writing ""The answer is:"""
68,Slaty_Backed_Gull_0087_786374.jpg,Larus schistisagus,"What is scientific name of Bird in the image?

Options: A)Larus schistisagus, B)Corvus ossifragus, C)Leiothlypis celata, D)Vireo olivaceus.

Write the answer after writing ""The answer is:"""
69,Herring_Gull_0139_47006.jpg,Larus argentatus,"What is scientific name of Bird in the image?

Options: A)Larus argentatus, B)Setophaga petechia, C)Vireo flavifrons, D)Corvus corax.

Write the answer after writing ""The answer is:"""
70,Heermann_Gull_0034_45693.jpg,Larus heermanni,"What is scientific name of Bird in the image?

Options: A)Leiothlypis peregrina, B)Passerina cyanea, C)Larus heermanni, D)Geothlypis philadelphia.

Write the answer after writing ""The answer is:"""
71,Herring_Gull_0114_46956.jpg,Larus argentatus,"What is scientific name of Bird in the image?

Options: A)Larus argentatus, B)Spizella pallida, C)Corvus ossifragus, D)Icterus spurius.

Write the answer after writing ""The answer is:"""
72,Ring_Billed_Gull_0071_52845.jpg,Larus delawarensis,"What is scientific name of Bird in the image?

Options: A)Larus delawarensis, B)Leiothlypis ruficapilla, C)Spizella passerina, D)Vireo atricapilla.

Write the answer after writing ""The answer is:"""
73,Slaty_Backed_Gull_0038_796044.jpg,Larus schistisagus,"What is scientific name of Bird in the image?

Options: A)Spizella pusilla, B)Larus schistisagus, C)Passerina amoena, D)Zonotrichia albicollis.

Write the answer after writing ""The answer is:"""
74,Heermann_Gull_0074_45351.jpg,Larus heermanni,"What is scientific name of Bird in the image?

Options: A)Larus heermanni, B)Icterus galbula, C)Geothlypis philadelphia, D)Spizella pusilla.

Write the answer after writing ""The answer is:"""
75,Glaucous_Winged_Gull_0133_44738.jpg,Larus glaucescens,"What is scientific name of Bird in the image?

Options: A)Passerina ciris, B)Vireo flavifrons, C)Larus glaucescens, D)Setophaga pinus.

Write the answer after writing ""The answer is:"""
76,Western_Gull_0042_53843.jpg,Larus occidentalis,"What is scientific name of Bird in the image?

Options: A)Larus occidentalis, B)Zonotrichia albicollis, C)Spizella passerina, D)Corvus corax.

Write the answer after writing ""The answer is:"""
77,Glaucous_Winged_Gull_0066_44669.jpg,Larus glaucescens,"What is scientific name of Bird in the image?

Options: A)Setophaga pensylvanica, B)Larus glaucescens, C)Vireo gilvus, D)Geothlypis formosa.

Write the answer after writing ""The answer is:"""
78,California_Gull_0034_41548.jpg,Larus californicus,"What is scientific name of Bird in the image?

Options: A)Passerina amoena, B)Icterus parisorum, C)Vireo gilvus, D)Larus californicus.

Write the answer after writing ""The answer is:"""
79,Glaucous_Winged_Gull_0124_44663.jpg,Larus glaucescens,"What is scientific name of Bird in the image?

Options: A)Zonotrichia albicollis, B)Leiothlypis ruficapilla, C)Setophaga petechia, D)Larus glaucescens.

Write the answer after writing ""The answer is:"""
80,Orange_Crowned_Warbler_0111_168040.jpg,Leiothlypis celata,"What is scientific name of Bird in the image?

Options: A)Geothlypis trichas, B)Setophaga castanea, C)Corvus ossifragus, D)Leiothlypis celata.

Write the answer after writing ""The answer is:"""
81,Nashville_Warbler_0041_167534.jpg,Leiothlypis ruficapilla,"What is scientific name of Bird in the image?

Options: A)Leiothlypis ruficapilla, B)Spizella pallida, C)Geothlypis trichas, D)Icterus parisorum.

Write the answer after writing ""The answer is:"""
82,Orange_Crowned_Warbler_0078_167964.jpg,Leiothlypis celata,"What is scientific name of Bird in the image?

Options: A)Spizella pallida, B)Icterus galbula, C)Leiothlypis celata, D)Setophaga tigrina.

Write the answer after writing ""The answer is:"""
83,Orange_Crowned_Warbler_0038_168384.jpg,Leiothlypis celata,"What is scientific name of Bird in the image?

Options: A)Spizella breweri, B)Geothlypis formosa, C)Vireo solitarius, D)Leiothlypis celata.

Write the answer after writing ""The answer is:"""
84,Orange_Crowned_Warbler_0052_168013.jpg,Leiothlypis celata,"What is scientific name of Bird in the image?

Options: A)Setophaga tigrina, B)Larus glaucescens, C)Spizella pusilla, D)Leiothlypis celata.

Write the answer after writing ""The answer is:"""
85,Nashville_Warbler_0104_167096.jpg,Leiothlypis ruficapilla,"What is scientific name of Bird in the image?

Options: A)Vireo philadelphicus, B)Geothlypis trichas, C)Spizella breweri, D)Leiothlypis ruficapilla.

Write the answer after writing ""The answer is:"""
86,Tennessee_Warbler_0034_174854.jpg,Leiothlypis peregrina,"What is scientific name of Bird in the image?

Options: A)Passerina cyanea, B)Setophaga pensylvanica, C)Larus glaucescens, D)Leiothlypis peregrina.

Write the answer after writing ""The answer is:"""
87,Nashville_Warbler_0004_167146.jpg,Leiothlypis ruficapilla,"What is scientific name of Bird in the image?

Options: A)Zonotrichia albicollis, B)Passerina cyanea, C)Leiothlypis ruficapilla, D)Setophaga caerulescens.

Write the answer after writing ""The answer is:"""
88,Orange_Crowned_Warbler_0049_167974.jpg,Leiothlypis celata,"What is scientific name of Bird in the image?

Options: A)Vireo flavifrons, B)Icterus galbula, C)Leiothlypis celata, D)Passerina caerulea.

Write the answer after writing ""The answer is:"""
89,Tennessee_Warbler_0051_175015.jpg,Leiothlypis peregrina,"What is scientific name of Bird in the image?

Options: A)Leiothlypis peregrina, B)Zonotrichia querula, C)Larus argentatus, D)Geothlypis philadelphia.

Write the answer after writing ""The answer is:"""
90,Nashville_Warbler_0098_167293.jpg,Leiothlypis ruficapilla,"What is scientific name of Bird in the image?

Options: A)Spizella pallida, B)Leiothlypis ruficapilla, C)Larus californicus, D)Corvus corax.

Write the answer after writing ""The answer is:"""
91,Nashville_Warbler_0037_167280.jpg,Leiothlypis ruficapilla,"What is scientific name of Bird in the image?

Options: A)Setophaga cerulea, B)Icterus spurius, C)Spizella breweri, D)Leiothlypis ruficapilla.

Write the answer after writing ""The answer is:"""
92,Orange_Crowned_Warbler_0079_168372.jpg,Leiothlypis celata,"What is scientific name of Bird in the image?

Options: A)Larus delawarensis, B)Leiothlypis celata, C)Vireo griseus, D)Zonotrichia albicollis.

Write the answer after writing ""The answer is:"""
93,Orange_Crowned_Warbler_0007_167545.jpg,Leiothlypis celata,"What is scientific name of Bird in the image?

Options: A)Leiothlypis celata, B)Larus californicus, C)Geothlypis philadelphia, D)Passerina cyanea.

Write the answer after writing ""The answer is:"""
94,Orange_Crowned_Warbler_0037_167687.jpg,Leiothlypis celata,"What is scientific name of Bird in the image?

Options: A)Corvus albicollis, B)Icterus cucullatus, C)Leiothlypis celata, D)Spizella pusilla.

Write the answer after writing ""The answer is:"""
95,Nashville_Warbler_0129_167053.jpg,Leiothlypis ruficapilla,"What is scientific name of Bird in the image?

Options: A)Vireo solitarius, B)Geothlypis trichas, C)Leiothlypis ruficapilla, D)Spizella pallida.

Write the answer after writing ""The answer is:"""
96,Orange_Crowned_Warbler_0027_168381.jpg,Leiothlypis celata,"What is scientific name of Bird in the image?

Options: A)Passerina ciris, B)Geothlypis philadelphia, C)Leiothlypis celata, D)Spizella passerina.

Write the answer after writing ""The answer is:"""
97,Tennessee_Warbler_0080_167714.jpg,Leiothlypis peregrina,"What is scientific name of Bird in the image?

Options: A)Corvus corax, B)Leiothlypis peregrina, C)Icterus spurius, D)Setophaga magnolia.

Write the answer after writing ""The answer is:"""
98,Orange_Crowned_Warbler_0113_167984.jpg,Leiothlypis celata,"What is scientific name of Bird in the image?

Options: A)Corvus albicollis, B)Leiothlypis celata, C)Setophaga magnolia, D)Icterus parisorum.

Write the answer after writing ""The answer is:"""
99,Orange_Crowned_Warbler_0087_168439.jpg,Leiothlypis celata,"What is scientific name of Bird in the image?

Options: A)Leiothlypis celata, B)Spizella breweri, C)Larus heermanni, D)Vireo philadelphicus.

Write the answer after writing ""The answer is:"""
100,Lazuli_Bunting_0004_14887.jpg,Passerina amoena,"What is scientific name of Bird in the image?

Options: A)Zonotrichia albicollis, B)Corvus ossifragus, C)Vireo atricapilla, D)Passerina amoena.

Write the answer after writing ""The answer is:"""
101,Blue_Grosbeak_0024_36680.jpg,Passerina caerulea,"What is scientific name of Bird in the image?

Options: A)Icterus spurius, B)Passerina caerulea, C)Leiothlypis ruficapilla, D)Larus argentatus.

Write the answer after writing ""The answer is:"""
102,Blue_Grosbeak_0042_36742.jpg,Passerina caerulea,"What is scientific name of Bird in the image?

Options: A)Passerina caerulea, B)Zonotrichia leucophrys, C)Spizella pusilla, D)Icterus galbula.

Write the answer after writing ""The answer is:"""
103,Indigo_Bunting_0044_14389.jpg,Passerina cyanea,"What is scientific name of Bird in the image?

Options: A)Corvus brachyrhynchos, B)Icterus spurius, C)Passerina cyanea, D)Spizella pusilla.

Write the answer after writing ""The answer is:"""
104,Painted_Bunting_0040_16691.jpg,Passerina ciris,"What is scientific name of Bird in the image?

Options: A)Zonotrichia albicollis, B)Passerina ciris, C)Larus schistisagus, D)Leiothlypis celata.

Write the answer after writing ""The answer is:"""
105,Lazuli_Bunting_0082_15047.jpg,Passerina amoena,"What is scientific name of Bird in the image?

Options: A)Passerina amoena, B)Spizella passerina, C)Larus glaucescens, D)Leiothlypis celata.

Write the answer after writing ""The answer is:"""
106,Blue_Grosbeak_0065_36847.jpg,Passerina caerulea,"What is scientific name of Bird in the image?

Options: A)Setophaga cerulea, B)Vireo philadelphicus, C)Passerina caerulea, D)Icterus parisorum.

Write the answer after writing ""The answer is:"""
107,Lazuli_Bunting_0107_14705.jpg,Passerina amoena,"What is scientific name of Bird in the image?

Options: A)Icterus galbula, B)Geothlypis trichas, C)Corvus corax, D)Passerina amoena.

Write the answer after writing ""The answer is:"""
108,Painted_Bunting_0087_15232.jpg,Passerina ciris,"What is scientific name of Bird in the image?

Options: A)Spizella breweri, B)Larus argentatus, C)Passerina ciris, D)Geothlypis formosa.

Write the answer after writing ""The answer is:"""
109,Indigo_Bunting_0049_13641.jpg,Passerina cyanea,"What is scientific name of Bird in the image?

Options: A)Vireo flavifrons, B)Passerina cyanea, C)Spizella pallida, D)Icterus galbula.

Write the answer after writing ""The answer is:"""
110,Blue_Grosbeak_0038_37095.jpg,Passerina caerulea,"What is scientific name of Bird in the image?

Options: A)Zonotrichia albicollis, B)Vireo gilvus, C)Passerina caerulea, D)Spizella pallida.

Write the answer after writing ""The answer is:"""
111,Indigo_Bunting_0006_14317.jpg,Passerina cyanea,"What is scientific name of Bird in the image?

Options: A)Passerina cyanea, B)Geothlypis formosa, C)Vireo flavifrons, D)Leiothlypis peregrina.

Write the answer after writing ""The answer is:"""
112,Blue_Grosbeak_0043_37200.jpg,Passerina caerulea,"What is scientific name of Bird in the image?

Options: A)Leiothlypis ruficapilla, B)Setophaga discolor, C)Icterus spurius, D)Passerina caerulea.

Write the answer after writing ""The answer is:"""
113,Indigo_Bunting_0013_12949.jpg,Passerina cyanea,"What is scientific name of Bird in the image?

Options: A)Leiothlypis ruficapilla, B)Passerina cyanea, C)Icterus spurius, D)Zonotrichia leucophrys.

Write the answer after writing ""The answer is:"""
114,Blue_Grosbeak_0097_37067.jpg,Passerina caerulea,"What is scientific name of Bird in the image?

Options: A)Icterus parisorum, B)Passerina caerulea, C)Geothlypis philadelphia, D)Setophaga pensylvanica.

Write the answer after writing ""The answer is:"""
115,Painted_Bunting_0081_15230.jpg,Passerina ciris,"What is scientific name of Bird in the image?

Options: A)Leiothlypis peregrina, B)Spizella pallida, C)Passerina ciris, D)Larus californicus.

Write the answer after writing ""The answer is:"""
116,Indigo_Bunting_0016_13661.jpg,Passerina cyanea,"What is scientific name of Bird in the image?

Options: A)Passerina cyanea, B)Geothlypis trichas, C)Setophaga magnolia, D)Zonotrichia querula.

Write the answer after writing ""The answer is:"""
117,Lazuli_Bunting_0025_15079.jpg,Passerina amoena,"What is scientific name of Bird in the image?

Options: A)Vireo atricapilla, B)Zonotrichia querula, C)Passerina amoena, D)Icterus cucullatus.

Write the answer after writing ""The answer is:"""
118,Blue_Grosbeak_0111_36841.jpg,Passerina caerulea,"What is scientific name of Bird in the image?

Options: A)Geothlypis formosa, B)Icterus spurius, C)Passerina caerulea, D)Zonotrichia albicollis.

Write the answer after writing ""The answer is:"""
119,Indigo_Bunting_0056_12637.jpg,Passerina cyanea,"What is scientific name of Bird in the image?

Options: A)Passerina cyanea, B)Vireo solitarius, C)Zonotrichia leucophrys, D)Larus glaucescens.

Write the answer after writing ""The answer is:"""
120,Black_Throated_Blue_Warbler_0129_161399.jpg,Setophaga caerulescens,"What is scientific name of Bird in the image?

Options: A)Icterus parisorum, B)Setophaga caerulescens, C)Corvus albicollis, D)Larus schistisagus.

Write the answer after writing ""The answer is:"""
121,Chestnut_Sided_Warbler_0057_163957.jpg,Setophaga pensylvanica,"What is scientific name of Bird in the image?

Options: A)Setophaga pensylvanica, B)Passerina cyanea, C)Icterus cucullatus, D)Larus heermanni.

Write the answer after writing ""The answer is:"""
122,American_Redstart_0071_103266.jpg,Setophaga ruticilla,"What is scientific name of Bird in the image?

Options: A)Icterus cucullatus, B)Spizella breweri, C)Setophaga ruticilla, D)Geothlypis philadelphia.

Write the answer after writing ""The answer is:"""
123,Prairie_Warbler_0053_173290.jpg,Setophaga discolor,"What is scientific name of Bird in the image?

Options: A)Passerina ciris, B)Icterus cucullatus, C)Setophaga discolor, D)Leiothlypis ruficapilla.

Write the answer after writing ""The answer is:"""
124,Palm_Warbler_0066_169284.jpg,Setophaga palmarum,"What is scientific name of Bird in the image?

Options: A)Setophaga palmarum, B)Larus californicus, C)Passerina amoena, D)Spizella passerina.

Write the answer after writing ""The answer is:"""
125,Palm_Warbler_0108_169426.jpg,Setophaga palmarum,"What is scientific name of Bird in the image?

Options: A)Setophaga palmarum, B)Passerina caerulea, C)Corvus ossifragus, D)Leiothlypis peregrina.

Write the answer after writing ""The answer is:"""
126,Bay_Breasted_Warbler_0062_159783.jpg,Setophaga castanea,"What is scientific name of Bird in the image?

Options: A)Zonotrichia leucophrys, B)Spizella pallida, C)Corvus ossifragus, D)Setophaga castanea.

Write the answer after writing ""The answer is:"""
127,Palm_Warbler_0111_169663.jpg,Setophaga palmarum,"What is scientific name of Bird in the image?

Options: A)Spizella pusilla, B)Corvus ossifragus, C)Setophaga palmarum, D)Passerina amoena.

Write the answer after writing ""The answer is:"""
128,Bay_Breasted_Warbler_0018_159897.jpg,Setophaga castanea,"What is scientific name of Bird in the image?

Options: A)Leiothlypis ruficapilla, B)Larus schistisagus, C)Setophaga castanea, D)Icterus parisorum.

Write the answer after writing ""The answer is:"""
129,Prairie_Warbler_0086_172534.jpg,Setophaga discolor,"What is scientific name of Bird in the image?

Options: A)Setophaga discolor, B)Geothlypis trichas, C)Passerina cyanea, D)Zonotrichia albicollis.

Write the answer after writing ""The answer is:"""
130,Palm_Warbler_0056_168740.jpg,Setophaga palmarum,"What is scientific name of Bird in the image?

Options: A)Icterus cucullatus, B)Passerina cyanea, C)Leiothlypis ruficapilla, D)Setophaga palmarum.

Write the answer after writing ""The answer is:"""
131,Bay_Breasted_Warbler_0045_797135.jpg,Setophaga castanea,"What is scientific name of Bird in the image?

Options: A)Corvus corax, B)Leiothlypis celata, C)Icterus spurius, D)Setophaga castanea.

Write the answer after writing ""The answer is:"""
132,Yellow_Warbler_0056_176320.jpg,Setophaga petechia,"What is scientific name of Bird in the image?

Options: A)Larus heermanni, B)Setophaga petechia, C)Vireo solitarius, D)Geothlypis formosa.

Write the answer after writing ""The answer is:"""
133,Bay_Breasted_Warbler_0072_797114.jpg,Setophaga castanea,"What is scientific name of Bird in the image?

Options: A)Corvus albicollis, B)Setophaga castanea, C)Spizella passerina, D)Vireo philadelphicus.

Write the answer after writing ""The answer is:"""
134,Cape_May_Warbler_0100_162923.jpg,Setophaga tigrina,"What is scientific name of Bird in the image?

Options: A)Spizella pusilla, B)Icterus parisorum, C)Passerina caerulea, D)Setophaga tigrina.

Write the answer after writing ""The answer is:"""
135,Magnolia_Warbler_0021_165919.jpg,Setophaga magnolia,"What is scientific name of Bird in the image?

Options: A)Vireo griseus, B)Zonotrichia querula, C)Setophaga magnolia, D)Larus argentatus.

Write the answer after writing ""The answer is:"""
136,Cerulean_Warbler_0019_797186.jpg,Setophaga cerulea,"What is scientific name of Bird in the image?

Options: A)Setophaga cerulea, B)Spizella pusilla, C)Zonotrichia albicollis, D)Leiothlypis ruficapilla.

Write the answer after writing ""The answer is:"""
137,Cerulean_Warbler_0038_797230.jpg,Setophaga cerulea,"What is scientific name of Bird in the image?

Options: A)Setophaga cerulea, B)Passerina caerulea, C)Leiothlypis peregrina, D)Icterus cucullatus.

Write the answer after writing ""The answer is:"""
138,Yellow_Warbler_0044_176367.jpg,Setophaga petechia,"What is scientific name of Bird in the image?

Options: A)Geothlypis formosa, B)Spizella breweri, C)Setophaga petechia, D)Larus occidentalis.

Write the answer after writing ""The answer is:"""
139,Pine_Warbler_0133_171641.jpg,Setophaga pinus,"What is scientific name of Bird in the image?

Options: A)Icterus cucullatus, B)Setophaga pinus, C)Vireo solitarius, D)Corvus corax.

Write the answer after writing ""The answer is:"""
140,Chipping_Sparrow_0026_109010.jpg,Spizella passerina,"What is scientific name of Bird in the image?

Options: A)Corvus albicollis, B)Spizella passerina, C)Passerina ciris, D)Leiothlypis ruficapilla.

Write the answer after writing ""The answer is:"""
141,Brewer_Sparrow_0031_796712.jpg,Spizella breweri,"What is scientific name of Bird in the image?

Options: A)Corvus albicollis, B)Spizella breweri, C)Vireo olivaceus, D)Geothlypis formosa.

Write the answer after writing ""The answer is:"""
142,Field_Sparrow_0069_113827.jpg,Spizella pusilla,"What is scientific name of Bird in the image?

Options: A)Corvus brachyrhynchos, B)Larus californicus, C)Spizella pusilla, D)Geothlypis trichas.

Write the answer after writing ""The answer is:"""
143,Clay_Colored_Sparrow_0055_110647.jpg,Spizella pallida,"What is scientific name of Bird in the image?

Options: A)Leiothlypis celata, B)Spizella pallida, C)Geothlypis trichas, D)Setophaga magnolia.

Write the answer after writing ""The answer is:"""
144,Brewer_Sparrow_0007_796700.jpg,Spizella breweri,"What is scientific name of Bird in the image?

Options: A)Setophaga caerulescens, B)Vireo gilvus, C)Larus californicus, D)Spizella breweri.

Write the answer after writing ""The answer is:"""
145,Clay_Colored_Sparrow_0022_110518.jpg,Spizella pallida,"What is scientific name of Bird in the image?

Options: A)Setophaga palmarum, B)Passerina ciris, C)Spizella pallida, D)Icterus parisorum.

Write the answer after writing ""The answer is:"""
146,Brewer_Sparrow_0008_796703.jpg,Spizella breweri,"What is scientific name of Bird in the image?

Options: A)Geothlypis formosa, B)Leiothlypis ruficapilla, C)Spizella breweri, D)Setophaga magnolia.

Write the answer after writing ""The answer is:"""
147,Field_Sparrow_0051_114107.jpg,Spizella pusilla,"What is scientific name of Bird in the image?

Options: A)Zonotrichia querula, B)Passerina amoena, C)Icterus spurius, D)Spizella pusilla.

Write the answer after writing ""The answer is:"""
148,Chipping_Sparrow_0111_108515.jpg,Spizella passerina,"What is scientific name of Bird in the image?

Options: A)Passerina cyanea, B)Spizella passerina, C)Icterus parisorum, D)Leiothlypis ruficapilla.

Write the answer after writing ""The answer is:"""
149,Field_Sparrow_0123_113847.jpg,Spizella pusilla,"What is scientific name of Bird in the image?

Options: A)Leiothlypis ruficapilla, B)Setophaga cerulea, C)Passerina ciris, D)Spizella pusilla.

Write the answer after writing ""The answer is:"""
150,Field_Sparrow_0126_113426.jpg,Spizella pusilla,"What is scientific name of Bird in the image?

Options: A)Geothlypis philadelphia, B)Vireo griseus, C)Corvus corax, D)Spizella pusilla.

Write the answer after writing ""The answer is:"""
151,Clay_Colored_Sparrow_0064_110664.jpg,Spizella pallida,"What is scientific name of Bird in the image?

Options: A)Vireo griseus, B)Passerina amoena, C)Setophaga pinus, D)Spizella pallida.

Write the answer after writing ""The answer is:"""
152,Brewer_Sparrow_0047_107428.jpg,Spizella breweri,"What is scientific name of Bird in the image?

Options: A)Leiothlypis ruficapilla, B)Passerina cyanea, C)Geothlypis trichas, D)Spizella breweri.

Write the answer after writing ""The answer is:"""
153,Field_Sparrow_0100_113503.jpg,Spizella pusilla,"What is scientific name of Bird in the image?

Options: A)Zonotrichia albicollis, B)Vireo flavifrons, C)Spizella pusilla, D)Icterus galbula.

Write the answer after writing ""The answer is:"""
154,Chipping_Sparrow_0005_108931.jpg,Spizella passerina,"What is scientific name of Bird in the image?

Options: A)Geothlypis formosa, B)Icterus galbula, C)Passerina caerulea, D)Spizella passerina.

Write the answer after writing ""The answer is:"""
155,Brewer_Sparrow_0064_107502.jpg,Spizella breweri,"What is scientific name of Bird in the image?

Options: A)Spizella breweri, B)Setophaga ruticilla, C)Corvus brachyrhynchos, D)Leiothlypis peregrina.

Write the answer after writing ""The answer is:"""
156,Brewer_Sparrow_0060_107391.jpg,Spizella breweri,"What is scientific name of Bird in the image?

Options: A)Vireo griseus, B)Spizella breweri, C)Corvus corax, D)Leiothlypis peregrina.

Write the answer after writing ""The answer is:"""
157,Field_Sparrow_0111_113899.jpg,Spizella pusilla,"What is scientific name of Bird in the image?

Options: A)Zonotrichia albicollis, B)Vireo gilvus, C)Spizella pusilla, D)Geothlypis formosa.

Write the answer after writing ""The answer is:"""
158,Chipping_Sparrow_0091_108308.jpg,Spizella passerina,"What is scientific name of Bird in the image?

Options: A)Larus glaucescens, B)Icterus cucullatus, C)Vireo gilvus, D)Spizella passerina.

Write the answer after writing ""The answer is:"""
159,Brewer_Sparrow_0010_796716.jpg,Spizella breweri,"What is scientific name of Bird in the image?

Options: A)Icterus spurius, B)Passerina ciris, C)Leiothlypis ruficapilla, D)Spizella breweri.

Write the answer after writing ""The answer is:"""
160,Red_Eyed_Vireo_0061_157202.jpg,Vireo olivaceus,"What is scientific name of Bird in the image?

Options: A)Vireo olivaceus, B)Setophaga pensylvanica, C)Icterus spurius, D)Spizella breweri.

Write the answer after writing ""The answer is:"""
161,Philadelphia_Vireo_0037_794770.jpg,Vireo philadelphicus,"What is scientific name of Bird in the image?

Options: A)Geothlypis formosa, B)Larus argentatus, C)Setophaga caerulescens, D)Vireo philadelphicus.

Write the answer after writing ""The answer is:"""
162,Philadelphia_Vireo_0070_794758.jpg,Vireo philadelphicus,"What is scientific name of Bird in the image?

Options: A)Spizella passerina, B)Vireo philadelphicus, C)Setophaga pinus, D)Icterus cucullatus.

Write the answer after writing ""The answer is:"""
163,Blue_Headed_Vireo_0031_156056.jpg,Vireo solitarius,"What is scientific name of Bird in the image?

Options: A)Vireo solitarius, B)Geothlypis trichas, C)Passerina cyanea, D)Icterus parisorum.

Write the answer after writing ""The answer is:"""
164,Blue_Headed_Vireo_0105_156229.jpg,Vireo solitarius,"What is scientific name of Bird in the image?

Options: A)Corvus ossifragus, B)Vireo solitarius, C)Larus delawarensis, D)Zonotrichia albicollis.

Write the answer after writing ""The answer is:"""
165,Black_Capped_Vireo_0042_797483.jpg,Vireo atricapilla,"What is scientific name of Bird in the image?

Options: A)Icterus galbula, B)Spizella breweri, C)Zonotrichia leucophrys, D)Vireo atricapilla.

Write the answer after writing ""The answer is:"""
166,Yellow_Throated_Vireo_0080_794990.jpg,Vireo flavifrons,"What is scientific name of Bird in the image?

Options: A)Setophaga petechia, B)Vireo flavifrons, C)Geothlypis trichas, D)Corvus brachyrhynchos.

Write the answer after writing ""The answer is:"""
167,Red_Eyed_Vireo_0133_156668.jpg,Vireo olivaceus,"What is scientific name of Bird in the image?

Options: A)Setophaga castanea, B)Icterus spurius, C)Vireo olivaceus, D)Corvus ossifragus.

Write the answer after writing ""The answer is:"""
168,White_Eyed_Vireo_0032_159145.jpg,Vireo griseus,"What is scientific name of Bird in the image?

Options: A)Corvus ossifragus, B)Larus schistisagus, C)Setophaga palmarum, D)Vireo griseus.

Write the answer after writing ""The answer is:"""
169,Red_Eyed_Vireo_0079_158198.jpg,Vireo olivaceus,"What is scientific name of Bird in the image?

Options: A)Larus californicus, B)Setophaga palmarum, C)Vireo olivaceus, D)Icterus parisorum.

Write the answer after writing ""The answer is:"""
170,Philadelphia_Vireo_0040_794764.jpg,Vireo philadelphicus,"What is scientific name of Bird in the image?

Options: A)Setophaga pensylvanica, B)Vireo philadelphicus, C)Leiothlypis celata, D)Passerina cyanea.

Write the answer after writing ""The answer is:"""
171,Red_Eyed_Vireo_0054_157158.jpg,Vireo olivaceus,"What is scientific name of Bird in the image?

Options: A)Corvus brachyrhynchos, B)Larus californicus, C)Vireo olivaceus, D)Passerina caerulea.

Write the answer after writing ""The answer is:"""
172,Warbling_Vireo_0092_158688.jpg,Vireo gilvus,"What is scientific name of Bird in the image?

Options: A)Vireo gilvus, B)Spizella pallida, C)Geothlypis philadelphia, D)Passerina caerulea.

Write the answer after writing ""The answer is:"""
173,White_Eyed_Vireo_0071_159072.jpg,Vireo griseus,"What is scientific name of Bird in the image?

Options: A)Zonotrichia leucophrys, B)Passerina ciris, C)Vireo griseus, D)Corvus corax.

Write the answer after writing ""The answer is:"""
174,Philadelphia_Vireo_0016_156598.jpg,Vireo philadelphicus,"What is scientific name of Bird in the image?

Options: A)Leiothlypis celata, B)Geothlypis formosa, C)Icterus spurius, D)Vireo philadelphicus.

Write the answer after writing ""The answer is:"""
175,Blue_Headed_Vireo_0122_156017.jpg,Vireo solitarius,"What is scientific name of Bird in the image?

Options: A)Vireo solitarius, B)Passerina caerulea, C)Icterus spurius, D)Zonotrichia querula.

Write the answer after writing ""The answer is:"""
176,Yellow_Throated_Vireo_0023_159584.jpg,Vireo flavifrons,"What is scientific name of Bird in the image?

Options: A)Passerina ciris, B)Vireo flavifrons, C)Larus schistisagus, D)Spizella pallida.

Write the answer after writing ""The answer is:"""
177,Blue_Headed_Vireo_0026_156245.jpg,Vireo solitarius,"What is scientific name of Bird in the image?

Options: A)Passerina amoena, B)Larus argentatus, C)Corvus brachyrhynchos, D)Vireo solitarius.

Write the answer after writing ""The answer is:"""
178,Black_Capped_Vireo_0008_797454.jpg,Vireo atricapilla,"What is scientific name of Bird in the image?

Options: A)Geothlypis philadelphia, B)Zonotrichia leucophrys, C)Setophaga cerulea, D)Vireo atricapilla.

Write the answer after writing ""The answer is:"""
179,Blue_Headed_Vireo_0086_156244.jpg,Vireo solitarius,"What is scientific name of Bird in the image?

Options: A)Setophaga magnolia, B)Vireo solitarius, C)Corvus brachyrhynchos, D)Icterus parisorum.

Write the answer after writing ""The answer is:"""
180,Harris_Sparrow_0026_116620.jpg,Zonotrichia querula,"What is scientific name of Bird in the image?

Options: A)Setophaga discolor, B)Zonotrichia querula, C)Corvus brachyrhynchos, D)Passerina amoena.

Write the answer after writing ""The answer is:"""
181,Harris_Sparrow_0025_116648.jpg,Zonotrichia querula,"What is scientific name of Bird in the image?

Options: A)Icterus spurius, B)Vireo griseus, C)Zonotrichia querula, D)Spizella breweri.

Write the answer after writing ""The answer is:"""
182,White_Throated_Sparrow_0125_128832.jpg,Zonotrichia albicollis,"What is scientific name of Bird in the image?

Options: A)Larus heermanni, B)Leiothlypis ruficapilla, C)Zonotrichia albicollis, D)Icterus parisorum.

Write the answer after writing ""The answer is:"""
183,White_Crowned_Sparrow_0043_127096.jpg,Zonotrichia leucophrys,"What is scientific name of Bird in the image?

Options: A)Icterus spurius, B)Corvus corax, C)Zonotrichia leucophrys, D)Setophaga ruticilla.

Write the answer after writing ""The answer is:"""
184,White_Throated_Sparrow_0063_128803.jpg,Zonotrichia albicollis,"What is scientific name of Bird in the image?

Options: A)Geothlypis philadelphia, B)Zonotrichia albicollis, C)Spizella pallida, D)Larus glaucescens.

Write the answer after writing ""The answer is:"""
185,Harris_Sparrow_0082_116660.jpg,Zonotrichia querula,"What is scientific name of Bird in the image?

Options: A)Setophaga discolor, B)Geothlypis trichas, C)Zonotrichia querula, D)Vireo flavifrons.

Write the answer after writing ""The answer is:"""
186,Harris_Sparrow_0004_116581.jpg,Zonotrichia querula,"What is scientific name of Bird in the image?

Options: A)Passerina caerulea, B)Larus delawarensis, C)Icterus galbula, D)Zonotrichia querula.

Write the answer after writing ""The answer is:"""
187,White_Crowned_Sparrow_0114_127027.jpg,Zonotrichia leucophrys,"What is scientific name of Bird in the image?

Options: A)Passerina amoena, B)Setophaga cerulea, C)Vireo philadelphicus, D)Zonotrichia leucophrys.

Write the answer after writing ""The answer is:"""
188,White_Crowned_Sparrow_0057_127927.jpg,Zonotrichia leucophrys,"What is scientific name of Bird in the image?

Options: A)Zonotrichia leucophrys, B)Setophaga magnolia, C)Leiothlypis ruficapilla, D)Geothlypis philadelphia.

Write the answer after writing ""The answer is:"""
189,White_Crowned_Sparrow_0092_125934.jpg,Zonotrichia leucophrys,"What is scientific name of Bird in the image?

Options: A)Corvus brachyrhynchos, B)Geothlypis trichas, C)Leiothlypis celata, D)Zonotrichia leucophrys.

Write the answer after writing ""The answer is:"""
190,White_Crowned_Sparrow_0083_128777.jpg,Zonotrichia leucophrys,"What is scientific name of Bird in the image?

Options: A)Passerina amoena, B)Larus californicus, C)Icterus cucullatus, D)Zonotrichia leucophrys.

Write the answer after writing ""The answer is:"""
191,White_Throated_Sparrow_0039_128859.jpg,Zonotrichia albicollis,"What is scientific name of Bird in the image?

Options: A)Zonotrichia albicollis, B)Setophaga ruticilla, C)Passerina ciris, D)Vireo solitarius.

Write the answer after writing ""The answer is:"""
192,White_Crowned_Sparrow_0122_128577.jpg,Zonotrichia leucophrys,"What is scientific name of Bird in the image?

Options: A)Zonotrichia leucophrys, B)Leiothlypis peregrina, C)Spizella passerina, D)Vireo olivaceus.

Write the answer after writing ""The answer is:"""
193,White_Throated_Sparrow_0072_129203.jpg,Zonotrichia albicollis,"What is scientific name of Bird in the image?

Options: A)Setophaga castanea, B)Geothlypis philadelphia, C)Zonotrichia albicollis, D)Larus delawarensis.

Write the answer after writing ""The answer is:"""
194,Harris_Sparrow_0070_116400.jpg,Zonotrichia querula,"What is scientific name of Bird in the image?

Options: A)Zonotrichia querula, B)Vireo griseus, C)Passerina amoena, D)Geothlypis trichas.

Write the answer after writing ""The answer is:"""
195,Harris_Sparrow_0074_116539.jpg,Zonotrichia querula,"What is scientific name of Bird in the image?

Options: A)Setophaga tigrina, B)Spizella passerina, C)Geothlypis trichas, D)Zonotrichia querula.

Write the answer after writing ""The answer is:"""
196,Harris_Sparrow_0039_116409.jpg,Zonotrichia querula,"What is scientific name of Bird in the image?

Options: A)Zonotrichia querula, B)Geothlypis philadelphia, C)Vireo olivaceus, D)Passerina ciris.

Write the answer after writing ""The answer is:"""
197,White_Throated_Sparrow_0002_129057.jpg,Zonotrichia albicollis,"What is scientific name of Bird in the image?

Options: A)Larus heermanni, B)Setophaga caerulescens, C)Icterus galbula, D)Zonotrichia albicollis.

Write the answer after writing ""The answer is:"""
198,White_Crowned_Sparrow_0017_125829.jpg,Zonotrichia leucophrys,"What is scientific name of Bird in the image?

Options: A)Leiothlypis peregrina, B)Passerina caerulea, C)Corvus brachyrhynchos, D)Zonotrichia leucophrys.

Write the answer after writing ""The answer is:"""
199,Harris_Sparrow_0034_116439.jpg,Zonotrichia querula,"What is scientific name of Bird in the image?

Options: A)Geothlypis trichas, B)Leiothlypis peregrina, C)Zonotrichia querula, D)Larus occidentalis.

Write the answer after writing ""The answer is:"""
